section	index	slot_address	pointer	address	mode_at_start	evidence
.init_array	0	0x005daf70	0x0001025c	0x0001025c	arm	ELF_array_pointer_not_function_extent
.init_array	1	0x005daf74	0x0001fc04	0x0001fc04	arm	ELF_array_pointer_not_function_extent
.init_array	2	0x005daf78	0x000265d8	0x000265d8	arm	ELF_array_pointer_not_function_extent
.init_array	3	0x005daf7c	0x000289b4	0x000289b4	arm	ELF_array_pointer_not_function_extent
.init_array	4	0x005daf80	0x00046540	0x00046540	arm	ELF_array_pointer_not_function_extent
.init_array	5	0x005daf84	0x0004a034	0x0004a034	arm	ELF_array_pointer_not_function_extent
.init_array	6	0x005daf88	0x0004ce9c	0x0004ce9c	arm	ELF_array_pointer_not_function_extent
.init_array	7	0x005daf8c	0x00051d30	0x00051d30	arm	ELF_array_pointer_not_function_extent
.init_array	8	0x005daf90	0x0005b1dc	0x0005b1dc	arm	ELF_array_pointer_not_function_extent
.init_array	9	0x005daf94	0x0005ca80	0x0005ca80	arm	ELF_array_pointer_not_function_extent
.init_array	10	0x005daf98	0x0007c3d4	0x0007c3d4	arm	ELF_array_pointer_not_function_extent
.init_array	11	0x005daf9c	0x00098d7c	0x00098d7c	arm	ELF_array_pointer_not_function_extent
.init_array	12	0x005dafa0	0x0009ec48	0x0009ec48	arm	ELF_array_pointer_not_function_extent
.init_array	13	0x005dafa4	0x000a1b58	0x000a1b58	arm	ELF_array_pointer_not_function_extent
.init_array	14	0x005dafa8	0x000a6b8c	0x000a6b8c	arm	ELF_array_pointer_not_function_extent
.init_array	15	0x005dafac	0x000ad9b4	0x000ad9b4	arm	ELF_array_pointer_not_function_extent
.init_array	16	0x005dafb0	0x000b3b00	0x000b3b00	arm	ELF_array_pointer_not_function_extent
.init_array	17	0x005dafb4	0x000b5ad4	0x000b5ad4	arm	ELF_array_pointer_not_function_extent
.init_array	18	0x005dafb8	0x000b80a8	0x000b80a8	arm	ELF_array_pointer_not_function_extent
.init_array	19	0x005dafbc	0x000bab4c	0x000bab4c	arm	ELF_array_pointer_not_function_extent
.init_array	20	0x005dafc0	0x000be7e4	0x000be7e4	arm	ELF_array_pointer_not_function_extent
.init_array	21	0x005dafc4	0x000bfe5c	0x000bfe5c	arm	ELF_array_pointer_not_function_extent
.init_array	22	0x005dafc8	0x000c1f60	0x000c1f60	arm	ELF_array_pointer_not_function_extent
.init_array	23	0x005dafcc	0x000c5094	0x000c5094	arm	ELF_array_pointer_not_function_extent
.init_array	24	0x005dafd0	0x000ce098	0x000ce098	arm	ELF_array_pointer_not_function_extent
.init_array	25	0x005dafd4	0x000d2c0c	0x000d2c0c	arm	ELF_array_pointer_not_function_extent
.init_array	26	0x005dafd8	0x000d7c18	0x000d7c18	arm	ELF_array_pointer_not_function_extent
.init_array	27	0x005dafdc	0x000dc1c8	0x000dc1c8	arm	ELF_array_pointer_not_function_extent
.init_array	28	0x005dafe0	0x000e085c	0x000e085c	arm	ELF_array_pointer_not_function_extent
.init_array	29	0x005dafe4	0x000e5370	0x000e5370	arm	ELF_array_pointer_not_function_extent
.init_array	30	0x005dafe8	0x000e9be8	0x000e9be8	arm	ELF_array_pointer_not_function_extent
.init_array	31	0x005dafec	0x000ef6d4	0x000ef6d4	arm	ELF_array_pointer_not_function_extent
.init_array	32	0x005daff0	0x000f3aa4	0x000f3aa4	arm	ELF_array_pointer_not_function_extent
.init_array	33	0x005daff4	0x000f710c	0x000f710c	arm	ELF_array_pointer_not_function_extent
.init_array	34	0x005daff8	0x000f8398	0x000f8398	arm	ELF_array_pointer_not_function_extent
.init_array	35	0x005daffc	0x000f92e8	0x000f92e8	arm	ELF_array_pointer_not_function_extent
.init_array	36	0x005db000	0x000f9a88	0x000f9a88	arm	ELF_array_pointer_not_function_extent
.init_array	37	0x005db004	0x000fa538	0x000fa538	arm	ELF_array_pointer_not_function_extent
.init_array	38	0x005db008	0x000fb2c8	0x000fb2c8	arm	ELF_array_pointer_not_function_extent
.init_array	39	0x005db00c	0x000fef4c	0x000fef4c	arm	ELF_array_pointer_not_function_extent
.init_array	40	0x005db010	0x000ffc0c	0x000ffc0c	arm	ELF_array_pointer_not_function_extent
.init_array	41	0x005db014	0x00105f58	0x00105f58	arm	ELF_array_pointer_not_function_extent
.init_array	42	0x005db018	0x001083e4	0x001083e4	arm	ELF_array_pointer_not_function_extent
.init_array	43	0x005db01c	0x00109a1c	0x00109a1c	arm	ELF_array_pointer_not_function_extent
.init_array	44	0x005db020	0x0010a924	0x0010a924	arm	ELF_array_pointer_not_function_extent
.init_array	45	0x005db024	0x0010bf40	0x0010bf40	arm	ELF_array_pointer_not_function_extent
.init_array	46	0x005db028	0x0010d2b4	0x0010d2b4	arm	ELF_array_pointer_not_function_extent
.init_array	47	0x005db02c	0x0010dd30	0x0010dd30	arm	ELF_array_pointer_not_function_extent
.init_array	48	0x005db030	0x0010ea5c	0x0010ea5c	arm	ELF_array_pointer_not_function_extent
.init_array	49	0x005db034	0x0010f830	0x0010f830	arm	ELF_array_pointer_not_function_extent
.init_array	50	0x005db038	0x0010fc74	0x0010fc74	arm	ELF_array_pointer_not_function_extent
.init_array	51	0x005db03c	0x00110954	0x00110954	arm	ELF_array_pointer_not_function_extent
.init_array	52	0x005db040	0x0011446c	0x0011446c	arm	ELF_array_pointer_not_function_extent
.init_array	53	0x005db044	0x00115180	0x00115180	arm	ELF_array_pointer_not_function_extent
.init_array	54	0x005db048	0x00115fcc	0x00115fcc	arm	ELF_array_pointer_not_function_extent
.init_array	55	0x005db04c	0x00116a08	0x00116a08	arm	ELF_array_pointer_not_function_extent
.init_array	56	0x005db050	0x00117d84	0x00117d84	arm	ELF_array_pointer_not_function_extent
.init_array	57	0x005db054	0x0011827c	0x0011827c	arm	ELF_array_pointer_not_function_extent
.init_array	58	0x005db058	0x0011936c	0x0011936c	arm	ELF_array_pointer_not_function_extent
.init_array	59	0x005db05c	0x0011af60	0x0011af60	arm	ELF_array_pointer_not_function_extent
.init_array	60	0x005db060	0x0011c2b8	0x0011c2b8	arm	ELF_array_pointer_not_function_extent
.init_array	61	0x005db064	0x0011cc8c	0x0011cc8c	arm	ELF_array_pointer_not_function_extent
.init_array	62	0x005db068	0x0011d3a8	0x0011d3a8	arm	ELF_array_pointer_not_function_extent
.init_array	63	0x005db06c	0x0011e120	0x0011e120	arm	ELF_array_pointer_not_function_extent
.init_array	64	0x005db070	0x0011f114	0x0011f114	arm	ELF_array_pointer_not_function_extent
.init_array	65	0x005db074	0x00120160	0x00120160	arm	ELF_array_pointer_not_function_extent
.init_array	66	0x005db078	0x00120a4c	0x00120a4c	arm	ELF_array_pointer_not_function_extent
.init_array	67	0x005db07c	0x00121cc4	0x00121cc4	arm	ELF_array_pointer_not_function_extent
.init_array	68	0x005db080	0x00122c78	0x00122c78	arm	ELF_array_pointer_not_function_extent
.init_array	69	0x005db084	0x00123c90	0x00123c90	arm	ELF_array_pointer_not_function_extent
.init_array	70	0x005db088	0x0012460c	0x0012460c	arm	ELF_array_pointer_not_function_extent
.init_array	71	0x005db08c	0x00125338	0x00125338	arm	ELF_array_pointer_not_function_extent
.init_array	72	0x005db090	0x00125e74	0x00125e74	arm	ELF_array_pointer_not_function_extent
.init_array	73	0x005db094	0x001289c4	0x001289c4	arm	ELF_array_pointer_not_function_extent
.init_array	74	0x005db098	0x00129d24	0x00129d24	arm	ELF_array_pointer_not_function_extent
.init_array	75	0x005db09c	0x0012f3a4	0x0012f3a4	arm	ELF_array_pointer_not_function_extent
.init_array	76	0x005db0a0	0x00135b08	0x00135b08	arm	ELF_array_pointer_not_function_extent
.init_array	77	0x005db0a4	0x0013efbc	0x0013efbc	arm	ELF_array_pointer_not_function_extent
.init_array	78	0x005db0a8	0x0014b7b0	0x0014b7b0	arm	ELF_array_pointer_not_function_extent
.init_array	79	0x005db0ac	0x0014fb34	0x0014fb34	arm	ELF_array_pointer_not_function_extent
.init_array	80	0x005db0b0	0x0015ddec	0x0015ddec	arm	ELF_array_pointer_not_function_extent
.init_array	81	0x005db0b4	0x0017f570	0x0017f570	arm	ELF_array_pointer_not_function_extent
.init_array	82	0x005db0b8	0x00180084	0x00180084	arm	ELF_array_pointer_not_function_extent
.init_array	83	0x005db0bc	0x0018bce8	0x0018bce8	arm	ELF_array_pointer_not_function_extent
.init_array	84	0x005db0c0	0x00190bf4	0x00190bf4	arm	ELF_array_pointer_not_function_extent
.init_array	85	0x005db0c4	0x00192ebc	0x00192ebc	arm	ELF_array_pointer_not_function_extent
.init_array	86	0x005db0c8	0x00199a9c	0x00199a9c	arm	ELF_array_pointer_not_function_extent
.init_array	87	0x005db0cc	0x0019e64c	0x0019e64c	arm	ELF_array_pointer_not_function_extent
.init_array	88	0x005db0d0	0x001a01cc	0x001a01cc	arm	ELF_array_pointer_not_function_extent
.init_array	89	0x005db0d4	0x001a2bf4	0x001a2bf4	arm	ELF_array_pointer_not_function_extent
.init_array	90	0x005db0d8	0x001a5030	0x001a5030	arm	ELF_array_pointer_not_function_extent
.init_array	91	0x005db0dc	0x001a609c	0x001a609c	arm	ELF_array_pointer_not_function_extent
.init_array	92	0x005db0e0	0x001a6cdc	0x001a6cdc	arm	ELF_array_pointer_not_function_extent
.init_array	93	0x005db0e4	0x001ac3d4	0x001ac3d4	arm	ELF_array_pointer_not_function_extent
.init_array	94	0x005db0e8	0x001b9f58	0x001b9f58	arm	ELF_array_pointer_not_function_extent
.init_array	95	0x005db0ec	0x001c3484	0x001c3484	arm	ELF_array_pointer_not_function_extent
.init_array	96	0x005db0f0	0x001c6740	0x001c6740	arm	ELF_array_pointer_not_function_extent
.init_array	97	0x005db0f4	0x001c8a3c	0x001c8a3c	arm	ELF_array_pointer_not_function_extent
.init_array	98	0x005db0f8	0x001cbd0c	0x001cbd0c	arm	ELF_array_pointer_not_function_extent
.init_array	99	0x005db0fc	0x001ccbcc	0x001ccbcc	arm	ELF_array_pointer_not_function_extent
.init_array	100	0x005db100	0x001cecf0	0x001cecf0	arm	ELF_array_pointer_not_function_extent
.init_array	101	0x005db104	0x001d4da4	0x001d4da4	arm	ELF_array_pointer_not_function_extent
.init_array	102	0x005db108	0x001d6f54	0x001d6f54	arm	ELF_array_pointer_not_function_extent
.init_array	103	0x005db10c	0x001daba0	0x001daba0	arm	ELF_array_pointer_not_function_extent
.init_array	104	0x005db110	0x001dd204	0x001dd204	arm	ELF_array_pointer_not_function_extent
.init_array	105	0x005db114	0x001e3ac4	0x001e3ac4	arm	ELF_array_pointer_not_function_extent
.init_array	106	0x005db118	0x001e6880	0x001e6880	arm	ELF_array_pointer_not_function_extent
.init_array	107	0x005db11c	0x001e71e4	0x001e71e4	arm	ELF_array_pointer_not_function_extent
.init_array	108	0x005db120	0x001ef75c	0x001ef75c	arm	ELF_array_pointer_not_function_extent
.init_array	109	0x005db124	0x001f4cf4	0x001f4cf4	arm	ELF_array_pointer_not_function_extent
.init_array	110	0x005db128	0x00206914	0x00206914	arm	ELF_array_pointer_not_function_extent
.init_array	111	0x005db12c	0x0020aa54	0x0020aa54	arm	ELF_array_pointer_not_function_extent
.init_array	112	0x005db130	0x0020ba50	0x0020ba50	arm	ELF_array_pointer_not_function_extent
.init_array	113	0x005db134	0x0020d0c0	0x0020d0c0	arm	ELF_array_pointer_not_function_extent
.init_array	114	0x005db138	0x0020ea68	0x0020ea68	arm	ELF_array_pointer_not_function_extent
.init_array	115	0x005db13c	0x00211b54	0x00211b54	arm	ELF_array_pointer_not_function_extent
.init_array	116	0x005db140	0x0021296c	0x0021296c	arm	ELF_array_pointer_not_function_extent
.init_array	117	0x005db144	0x002153b0	0x002153b0	arm	ELF_array_pointer_not_function_extent
.init_array	118	0x005db148	0x002176f8	0x002176f8	arm	ELF_array_pointer_not_function_extent
.init_array	119	0x005db14c	0x0021d200	0x0021d200	arm	ELF_array_pointer_not_function_extent
.init_array	120	0x005db150	0x0022631c	0x0022631c	arm	ELF_array_pointer_not_function_extent
.init_array	121	0x005db154	0x002278fc	0x002278fc	arm	ELF_array_pointer_not_function_extent
.init_array	122	0x005db158	0x0022b184	0x0022b184	arm	ELF_array_pointer_not_function_extent
.init_array	123	0x005db15c	0x002365d0	0x002365d0	arm	ELF_array_pointer_not_function_extent
.init_array	124	0x005db160	0x0023ee54	0x0023ee54	arm	ELF_array_pointer_not_function_extent
.init_array	125	0x005db164	0x00246ef8	0x00246ef8	arm	ELF_array_pointer_not_function_extent
.init_array	126	0x005db168	0x002511b4	0x002511b4	arm	ELF_array_pointer_not_function_extent
.init_array	127	0x005db16c	0x002520c4	0x002520c4	arm	ELF_array_pointer_not_function_extent
.init_array	128	0x005db170	0x00259ba8	0x00259ba8	arm	ELF_array_pointer_not_function_extent
.init_array	129	0x005db174	0x002603a0	0x002603a0	arm	ELF_array_pointer_not_function_extent
.init_array	130	0x005db178	0x002689f4	0x002689f4	arm	ELF_array_pointer_not_function_extent
.init_array	131	0x005db17c	0x0026bf58	0x0026bf58	arm	ELF_array_pointer_not_function_extent
.init_array	132	0x005db180	0x0026dec8	0x0026dec8	arm	ELF_array_pointer_not_function_extent
.init_array	133	0x005db184	0x002714a4	0x002714a4	arm	ELF_array_pointer_not_function_extent
.init_array	134	0x005db188	0x00273c74	0x00273c74	arm	ELF_array_pointer_not_function_extent
.init_array	135	0x005db18c	0x0027d384	0x0027d384	arm	ELF_array_pointer_not_function_extent
.init_array	136	0x005db190	0x00284fb0	0x00284fb0	arm	ELF_array_pointer_not_function_extent
.init_array	137	0x005db194	0x002894a0	0x002894a0	arm	ELF_array_pointer_not_function_extent
.init_array	138	0x005db198	0x0028b338	0x0028b338	arm	ELF_array_pointer_not_function_extent
.init_array	139	0x005db19c	0x0028dfbc	0x0028dfbc	arm	ELF_array_pointer_not_function_extent
.init_array	140	0x005db1a0	0x002914bc	0x002914bc	arm	ELF_array_pointer_not_function_extent
.init_array	141	0x005db1a4	0x002924bc	0x002924bc	arm	ELF_array_pointer_not_function_extent
.init_array	142	0x005db1a8	0x002926f0	0x002926f0	arm	ELF_array_pointer_not_function_extent
.init_array	143	0x005db1ac	0x00297320	0x00297320	arm	ELF_array_pointer_not_function_extent
.init_array	144	0x005db1b0	0x0029a1cc	0x0029a1cc	arm	ELF_array_pointer_not_function_extent
.init_array	145	0x005db1b4	0x0029b5b8	0x0029b5b8	arm	ELF_array_pointer_not_function_extent
.init_array	146	0x005db1b8	0x0029f0bc	0x0029f0bc	arm	ELF_array_pointer_not_function_extent
.init_array	147	0x005db1bc	0x002a12f8	0x002a12f8	arm	ELF_array_pointer_not_function_extent
.init_array	148	0x005db1c0	0x002b1284	0x002b1284	arm	ELF_array_pointer_not_function_extent
.init_array	149	0x005db1c4	0x002b917c	0x002b917c	arm	ELF_array_pointer_not_function_extent
.init_array	150	0x005db1c8	0x002bc848	0x002bc848	arm	ELF_array_pointer_not_function_extent
.init_array	151	0x005db1cc	0x002bd5dc	0x002bd5dc	arm	ELF_array_pointer_not_function_extent
.init_array	152	0x005db1d0	0x002c0c6c	0x002c0c6c	arm	ELF_array_pointer_not_function_extent
.init_array	153	0x005db1d4	0x002c2338	0x002c2338	arm	ELF_array_pointer_not_function_extent
.init_array	154	0x005db1d8	0x002c5d80	0x002c5d80	arm	ELF_array_pointer_not_function_extent
.init_array	155	0x005db1dc	0x002c61bc	0x002c61bc	arm	ELF_array_pointer_not_function_extent
.init_array	156	0x005db1e0	0x002c9ed0	0x002c9ed0	arm	ELF_array_pointer_not_function_extent
.init_array	157	0x005db1e4	0x002ce6dc	0x002ce6dc	arm	ELF_array_pointer_not_function_extent
.init_array	158	0x005db1e8	0x002d0214	0x002d0214	arm	ELF_array_pointer_not_function_extent
.init_array	159	0x005db1ec	0x002d2bfc	0x002d2bfc	arm	ELF_array_pointer_not_function_extent
.init_array	160	0x005db1f0	0x002d79ac	0x002d79ac	arm	ELF_array_pointer_not_function_extent
.init_array	161	0x005db1f4	0x002e41c0	0x002e41c0	arm	ELF_array_pointer_not_function_extent
.init_array	162	0x005db1f8	0x00311014	0x00311014	arm	ELF_array_pointer_not_function_extent
.init_array	163	0x005db1fc	0x0031b170	0x0031b170	arm	ELF_array_pointer_not_function_extent
.init_array	164	0x005db200	0x0031b9e4	0x0031b9e4	arm	ELF_array_pointer_not_function_extent
.init_array	165	0x005db204	0x003587cc	0x003587cc	arm	ELF_array_pointer_not_function_extent
.init_array	166	0x005db208	0x003691f4	0x003691f4	arm	ELF_array_pointer_not_function_extent
.init_array	167	0x005db20c	0x003811cc	0x003811cc	arm	ELF_array_pointer_not_function_extent
.init_array	168	0x005db210	0x0039467c	0x0039467c	arm	ELF_array_pointer_not_function_extent
.init_array	169	0x005db214	0x00399500	0x00399500	arm	ELF_array_pointer_not_function_extent
.init_array	170	0x005db218	0x0047bf8c	0x0047bf8c	arm	ELF_array_pointer_not_function_extent
.init_array	171	0x005db21c	0x004b8338	0x004b8338	arm	ELF_array_pointer_not_function_extent
.init_array	172	0x005db220	0x004cc794	0x004cc794	arm	ELF_array_pointer_not_function_extent
.init_array	173	0x005db224	0x004d4178	0x004d4178	arm	ELF_array_pointer_not_function_extent
.init_array	174	0x005db228	0x004edfe4	0x004edfe4	arm	ELF_array_pointer_not_function_extent
.init_array	175	0x005db22c	0x004f0894	0x004f0894	arm	ELF_array_pointer_not_function_extent
.init_array	176	0x005db230	0x004f6020	0x004f6020	arm	ELF_array_pointer_not_function_extent
.init_array	177	0x005db234	0x0050205c	0x0050205c	arm	ELF_array_pointer_not_function_extent
.init_array	178	0x005db238	0x00554c78	0x00554c78	arm	ELF_array_pointer_not_function_extent
.init_array	179	0x005db23c	0x00563418	0x00563418	arm	ELF_array_pointer_not_function_extent
.init_array	180	0x005db240	0x00586a50	0x00586a50	arm	ELF_array_pointer_not_function_extent
.init_array	181	0x005db244	0x0058959c	0x0058959c	arm	ELF_array_pointer_not_function_extent
.init_array	182	0x005db248	0x00589968	0x00589968	arm	ELF_array_pointer_not_function_extent
.init_array	183	0x005db24c	0x0058abc4	0x0058abc4	arm	ELF_array_pointer_not_function_extent
.init_array	184	0x005db250	0x00590a44	0x00590a44	arm	ELF_array_pointer_not_function_extent
.fini_array	0	0x005db254	0x00010218	0x00010218	arm	ELF_array_pointer_not_function_extent
